<?xml version="1.0" encoding="UTF-8"?>
<root>
  <item name="android.support.v7.app.ActionBar int getDisplayOptions()">
    <annotation name="android.support.annotation.IntDef">
      <val name="flag" val="true" />
      <val name="value" val="{android.support.v7.app.ActionBar.DISPLAY_USE_LOGO, android.support.v7.app.ActionBar.DISPLAY_SHOW_HOME, android.support.v7.app.ActionBar.DISPLAY_HOME_AS_UP, android.support.v7.app.ActionBar.DISPLAY_SHOW_TITLE, android.support.v7.app.ActionBar.DISPLAY_SHOW_CUSTOM}" />
    </annotation>
  </item>
  <item name="android.support.v7.app.ActionBar int getNavigationMode()">
    <annotation name="android.support.annotation.IntDef">
      <val name="value" val="{android.support.v7.app.ActionBar.NAVIGATION_MODE_STANDARD, android.support.v7.app.ActionBar.NAVIGATION_MODE_LIST, android.support.v7.app.ActionBar.NAVIGATION_MODE_TABS}" />
    </annotation>
  </item>
  <item name="android.support.v7.app.ActionBar void setDisplayOptions(int) 0">
    <annotation name="android.support.annotation.IntDef">
      <val name="flag" val="true" />
      <val name="value" val="{android.support.v7.app.ActionBar.DISPLAY_USE_LOGO, android.support.v7.app.ActionBar.DISPLAY_SHOW_HOME, android.support.v7.app.ActionBar.DISPLAY_HOME_AS_UP, android.support.v7.app.ActionBar.DISPLAY_SHOW_TITLE, android.support.v7.app.ActionBar.DISPLAY_SHOW_CUSTOM}" />
    </annotation>
  </item>
  <item name="android.support.v7.app.ActionBar void setDisplayOptions(int, int) 0">
    <annotation name="android.support.annotation.IntDef">
      <val name="flag" val="true" />
      <val name="value" val="{android.support.v7.app.ActionBar.DISPLAY_USE_LOGO, android.support.v7.app.ActionBar.DISPLAY_SHOW_HOME, android.support.v7.app.ActionBar.DISPLAY_HOME_AS_UP, android.support.v7.app.ActionBar.DISPLAY_SHOW_TITLE, android.support.v7.app.ActionBar.DISPLAY_SHOW_CUSTOM}" />
    </annotation>
  </item>
  <item name="android.support.v7.app.ActionBar void setDisplayOptions(int, int) 1">
    <annotation name="android.support.annotation.IntDef">
      <val name="flag" val="true" />
      <val name="value" val="{android.support.v7.app.ActionBar.DISPLAY_USE_LOGO, android.support.v7.app.ActionBar.DISPLAY_SHOW_HOME, android.support.v7.app.ActionBar.DISPLAY_HOME_AS_UP, android.support.v7.app.ActionBar.DISPLAY_SHOW_TITLE, android.support.v7.app.ActionBar.DISPLAY_SHOW_CUSTOM}" />
    </annotation>
  </item>
  <item name="android.support.v7.app.ActionBar void setNavigationMode(int) 0">
    <annotation name="android.support.annotation.IntDef">
      <val name="value" val="{android.support.v7.app.ActionBar.NAVIGATION_MODE_STANDARD, android.support.v7.app.ActionBar.NAVIGATION_MODE_LIST, android.support.v7.app.ActionBar.NAVIGATION_MODE_TABS}" />
    </annotation>
  </item>
</root>

